id,post_url  ,white_family,children,white_supremacy,POC,Passive_women,Active_women,chadwife,religion,men,slavic
21973,https://www.tumblr.com/blog/view/americozy/716710523809431552 ,1,1,,,,,,,,
99595,https://www.tumblr.com/blog/view/an-angels-haven/648975455915065344 ,,,,,,,,,,
131233,https://www.tumblr.com/blog/view/aprons-with-bows/623683363540271104 ,,,,,,,,,,
8460,https://www.tumblr.com/blog/view/babbittybabbitt/694067626461265920 ,,,,,,,,,,
121172,https://www.tumblr.com/blog/view/bakingformylove/696984513974288384 ,,,,,,,,,,
28673,https://www.tumblr.com/blog/view/bakingformylove/685124177780473856 ,,,,,,,,,,
91697,https://barefoot-a-pregnant.tumblr.com/post/725803493345067009/pick-the-flower-in-full-bloom-cause-she-will ,,,,,,,,,,
25546,https://www.tumblr.com/blog/view/carrotcakesweetie/631645847454728192 ,,,,,,,,,,
179559,https://www.tumblr.com/blog/view/chad-wife/685903102216486912 ,,,,,,,1,,,
50937,https://www.tumblr.com/blog/view/chad-wife/683457004793102336 ,,,,,,,1,,,
144531,https://www.tumblr.com/blog/view/chad-wife/685861930420862976 ,,,,,,,1,,,
87646,https://www.tumblr.com/blog/view/chad-wife/652382114229207040 ,,,,,,,1,,,
89518,https://www.tumblr.com/blog/view/chocolatepeanutexpert/738664090021625856 ,,,,,,1,,,,
7603,https://www.tumblr.com/blog/view/chocolatepeanutexpert/742449542947127296 ,,,,,,1,,,,
165539,https://www.tumblr.com/blog/view/chocolatepeanutexpert/719473600434946049 ,,,,,,1,,,,
177268,https://www.tumblr.com/blog/view/circleskirtfeminine/185293075930  ,,,,,,,,,,
144422,https://www.tumblr.com/blog/view/classically-abby/632893685575663616 ,,,,,,,,,,
181427,https://cottage-in-the-city.tumblr.com/post/648489598294638592/hi-yall-my-name-is-jess-sheher-and-i-recently ,,,,,,,1,,,
59364,https://www.tumblr.com/blog/view/cottageyuuboo/683709336289165312 ,,,,,,,,,,
185419,https://www.tumblr.com/blog/view/cottageyuuboo/684700221713891328 ,,,1,,,,,,,
121136,https://www.tumblr.com/blog/view/cottageyuuboo/689666223268577280 ,,,,,,,,,,
90382,https://www.tumblr.com/blog/view/cottageyuuboo/688882221922369536 ,,,,,,,,,,
139024,https://www.tumblr.com/blog/view/cottageyuuboo/679087189741715456 ,,,,,,,,,,1
160405,https://www.tumblr.com/blog/view/countrybabbitt/731054250553196544 ,,,,,,,,,,
25390,https://www.tumblr.com/blog/view/d0lly-dreams/190836611989 ,,,,,,,,,,
136682,https://www.tumblr.com/blog/view/d0lly-dreams/190744174779 ,,,,,,,,,,
65708,https://elderflower-cottage.tumblr.com/post/184640300320/in-the-mood-to-eat-a-hearty-homemade-soup-served ,,,,,,,,,,
183727,https://ellas-cottage.tumblr.com/post/630450378476077056/highlights-from-my-time-at-the-cottage ,,,,,1,,,,,
58911,https://empresspersephone.tumblr.com/post/705367499850547200/since-yall-liked-my-grandmas-strawberry ,,,,,,,,,,
19260,https://fairmaidnelly.tumblr.com/post/622476116793458688 ,,,,,1,,,,,
17060,https://fairmaidnelly.tumblr.com/post/621799401101344768 ,,,,,1,,,,,
112312,https://fairmaidnelly.tumblr.com/post/667766562667855873 ,,,,,,,,,,
122739,https://fairmaidnelly.tumblr.com/post/613127856596369408 ,,,,,,,,,,
61066,https://fairmaidnelly.tumblr.com/post/645481618878922752 ,,,,,,,,,,
68050,https://fairmaidnelly.tumblr.com/post/626200728795545600 ,,,,,1,,,,,
143982,https://fairmaidnelly.tumblr.com/post/619486435004891136 ,,,,,,,,,,
65009,https://fairmaidnelly.tumblr.com/post/626282112346144768 ,,,,,,,,,,
15773,https://fairmaidnelly.tumblr.com/post/649357510141181952 ,,,,,,,,,,
16374,https://fairmaidnelly.tumblr.com/post/649205364058914816 ,,,,,1,,,,,
165344,https://fairmaidnelly.tumblr.com/post/631168130627043328 ,,,,,1,,,,,
42641,https://fairmaidnelly.tumblr.com/post/622655378830819328 ,,,,,,,,,,
26868,https://fairmaidnelly.tumblr.com/post/620099710436425728 ,,,,,,,,,,
18649,https://fairmaidnelly.tumblr.com/post/616114121359900672 ,,,,,1,1,,,,
99304,https://fairmaidnelly.tumblr.com/post/613943612704768000 ,,,,,,1,,,,
89260,https://fairmaidnelly.tumblr.com/post/620649491660439552 ,,,,,1,,,,,
52044,https://fairmaidnelly.tumblr.com/post/628086397237182464 ,,,,,,,,,,
163666,https://fairmaidnelly.tumblr.com/post/677178712343625728 ,,1,,,,,,,,
10117,https://fairmaidnelly.tumblr.com/post/662774678848487424 ,,,,,1,,,,,
123823,https://fairmaidnelly.tumblr.com/post/612919579310686208 ,,,,,1,1,,,,
3403,https://www.tumblr.com/blog/view/fairy-footprints/185967461708 ,,,,,,,,1,,1
27272,https://femalehieronymusbosch.tumblr.com/post/727517102972551168/murals-in-russian-peasant-house ,,,,,,,,,,
132663,https://www.tumblr.com/blog/view/feminineforestmaiden/673532579415293952 ,,,,,1,,,,,
52152,https://www.tumblr.com/blog/view/feminineforestmaiden/692689251461136384 ,,,,,,,,,,
185623,https://www.tumblr.com/blog/view/feminineforestmaiden/693602056487993344 ,,,,,1,,,,,
14969,https://www.tumblr.com/blog/view/feminineforestmaiden/692196051026935808 ,,,,,1,,,,,
77878,https://www.tumblr.com/blog/view/feminineforestmaiden/693510810002128896 ,,,,,1,,,,,
77880,https://www.tumblr.com/blog/view/feminineforestmaiden/693509464708595712 ,,,,,1,,,,,
24822,https://www.tumblr.com/blog/view/feminineforestmaiden/672032578270871552 ,,,,,,,,,,
66546,https://www.tumblr.com/blog/view/feminineforestmaiden/691794989663010816 ,,,,,1,,,,,
34939,https://www.tumblr.com/blog/view/feminineforestmaiden/691044749203898368 ,,,,,1,,,,,
143046,https://www.tumblr.com/blog/view/feminineforestmaiden/691153866783375360 ,,,,,1,,,,,
66406,https://www.tumblr.com/blog/view/feminineforestmaiden/691423263873794048 ,,,,,1,,,,,
85110,https://www.tumblr.com/blog/view/feminineforestmaiden/673399796054327296 ,,,,,1,,,,,
66419,https://www.tumblr.com/blog/view/feminineforestmaiden/691418056430403584 ,,,,,1,,,,,
58186,https://www.tumblr.com/blog/view/feminineforestmaiden/672898607053160448 ,,,,,1,,,,,
150997,https://gaillardia-fields.tumblr.com/post/632957229861126144 ,,,,,,,,,,
40835,https://gaillardia-fields.tumblr.com/post/665790975579504640 ,,,,,1,,,,,
82745,https://gaillardia-fields.tumblr.com/post/625876673565474816 ,,,,,,  ,,,,
51496,https://gaillardia-fields.tumblr.com/post/630488810089775104 ,,,,,,,,,,
57018,https://gaillardia-fields.tumblr.com/post/634362454776922112 ,1,1,,,,1,,,,
120912,https://www.tumblr.com/blog/view/garden-maiden/183812505993 ,,,,,,1,,,,
109005,https://www.tumblr.com/blog/view/gardensof-roses/712985613590233088 ,,,,,,,,,,
12190,https://godslittleprincess.tumblr.com/post/717530587322253312/my-vision-board-coming-true ,,,,1,1,,,,,
198630,https://happykyliee.tumblr.com/post/619243355695693824/i-made-more-bread-im-really-proud-of-myself ,,,,,,,,,,
181361,https://www.tumblr.com/blog/view/homeiswherethewitchcraftis/734911468638781440 ,,,,,,,,,,
33614,https://www.tumblr.com/blog/view/ittybittyprincesskitty2/701539957070872576 ,,,,,,,,1,,
103576,https://katelyn-marie323.tumblr.com/post/698029678260322304/apple-picking-with-the-little-one-today ,1,1,,,1,,,,,
192858,https://katelyn-marie323.tumblr.com/post/653014712172281856/the-making-of-apple-pie-my-first-attempt-at-a ,,,,,,,,,,
193826,https://katelyn-marie323.tumblr.com/post/656163699151781888/herb-bread-dough-kneading ,,,,,1,,,,,
136466,https://katelyn-marie323.tumblr.com/post/653377816211161088/homemade-strawberry-rhubarb-pie-recipe ,,,,,,,,,,
195011,https://katelyn-marie323.tumblr.com/post/674498542179696640/cooking-and-baking-is-so-much-more-than-the ,,,,,,,,,,
159337,https://katelyn-marie323.tumblr.com/post/651104439544020992/fresh-out-of-the-oven ,,,,,,,,,,
137501,https://katelyn-marie323.tumblr.com/post/689940499548815360/wildflowers-in-the-rockies , ,,,,,,,,,
196524,https://katelyn-marie323.tumblr.com/post/653648998978224128/making-lavender-tea ,,,,,,,,,,
178919,https://katelyn-marie323.tumblr.com/post/654266534302203904/doing-some-plant-documenting-and-knitting-under-my ,,,,,,,,,,
33023,https://katelyn-marie323.tumblr.com/post/648821209500401664/i-used-to-envy-movie-and-book-characters-who-would ,,,,,,,,,,
111537,https://katelyn-marie323.tumblr.com/post/653432779336515584/acting-aloof-is-out-were-writing-affectionate ,,,,,,,,,,
14933,https://www.tumblr.com/blog/view/lacepurity/725952272071262208 ,,,,,0,1,,,,
163494,https://www.tumblr.com/blog/view/lacepurity/731225500190720001 ,,,,,,1,,,,
161637,https://ladyhearthkeeper.tumblr.com/post/738323234913763328/a-bread-in-the-oven-a-husband-cracking-seeds-a ,,,,,,,,1,,
89123,https://ladyhearthkeeper.tumblr.com/post/666479596049498112/do-you-have-any-resources-for-homemaking-or-any ,,,,,,,,1,,
202879,https://www.tumblr.com/blog/view/ladyhomesteader/651453577563373568 ,,,,,1,,,,,
88485,https://www.tumblr.com/blog/view/ladyhomesteader/645582091527061504 ,,,,,,,,,,
155005,https://lavenderatlarge.tumblr.com/post/614588053940551681/some-late-night-baking-helps-calm-a-busy-mind ,,,,,1,,1,,,
76834,https://www.tumblr.com/blog/view/libramars/633604116973797376 ,,,,,,,,,,
49922,https://www.tumblr.com/blog/view/libramars/645312078520958976 ,,,,,,,,,,
11234,https://www.tumblr.com/blog/view/libramars/648676785809227776 ,,,1,,,1,,,,
168518,https://www.tumblr.com/blog/view/liliesinwhite/613671291857305600 ,,,,,,,,,,
606,https://www.tumblr.com/blog/view/littleflowerfaith/707899011710042112 ,,,,,,,,1,,
32270,https://www.tumblr.com/blog/view/littleflowerfaith/710426475863687168 ,,,,,,,,,,
82161,https://www.tumblr.com/blog/view/littleflowerfaith/707436787067453440 ,,,,,,,,1,,
51950,https://www.tumblr.com/blog/view/littleflowerfaith/712610266869809152 ,,,,,,,,,,
105590,https://www.tumblr.com/blog/view/littleflowerfaith/684434707216252929 ,,,,,,,,1,,
103680,https://www.tumblr.com/blog/view/littleflowerfaith/685987920493019136 ,,,,,,,,1,,
204219,https://www.tumblr.com/blog/view/melisssg99/708625162393747456 ,,,,,,,,,,
6413,https://www.tumblr.com/blog/view/melisssg99/684529799806533632 ,,,,,,,1,,,
51920,https://www.tumblr.com/blog/view/melisssg99/736177275428601856 ,,,,,,,,,,
58653,https://www.tumblr.com/blog/view/melisssg99/733638459196112897 ,,,,,,,,,,
201658,https://www.tumblr.com/blog/view/modern-tradwife/745703072599359488 ,,,,,,1,,,,
34647,https://mossyredwood.tumblr.com/post/661066959715205120/by-natasha-tarasova ,1,1,,1,,1,,,1,
6292,https://mossyredwood.tumblr.com/post/642740313498189824/sometimes-i-want-to-go-home-and-listen-to ,,,,,1,,,,,
533,https://mossyredwood.tumblr.com/post/645030816301334528/there-were-so-many-trees-in-the-city-that-you ,,,,,1,,,,,
106228,https://mossyredwood.tumblr.com/post/650989743868411904 ,,,,,,,,,,
56530,https://www.tumblr.com/blog/view/mymoonmyfriend/614689912473731072 ,,,,,,,1,,,
134318,https://pink-dino.tumblr.com/post/619556336247635968/first-harvest-of-the-year-this-weekend-ive-been ,,,,,,,,,,
26876,https://pink-dino.tumblr.com/post/620096449790853120/i-must-admit-this-photo-is-not-from-today-but-i ,,,,,1,,,,,
37124,https://pink-dino.tumblr.com/post/619375102725947392/httpswwwinstagramcompcavnnjjdx4rigshid-kjt ,,,,,,1,,,,
69633,https://www.tumblr.com/blog/view/princess-shiratori/717594872770674688 ,,,,,,,,,,
191199,https://ren-in--wonderland.tumblr.com/post/651177565575380992 ,,,,,,,,,,
93405,https://rose-lily-field.tumblr.com/post/670489894072844288 ,,1,,,,,,,,
50718,https://rose-lily-field.tumblr.com/post/677993583424438272 ,,1,,,,,,,,
160264,https://rose-lily-field.tumblr.com/post/663231717550817280 ,1,1,,,,,,,,
175633,https://rose-lily-field.tumblr.com/post/665282598288916480 ,,,,,,,,,,
1418,https://rose-lily-field.tumblr.com/post/660390353820581888 ,,1,,,,,,,,
96980,https://rose-lily-field.tumblr.com/post/659968982783311872 ,,,,,,1,,,,
102951,https://rose-lily-field.tumblr.com/post/641498753748041728/riding-a-bike-through-this-village-on-a-cold ,,,,,,,,1,,
83704,https://rose-lily-field.tumblr.com/post/658956529119166464 ,,1,,,,,,1,,
9862,https://rose-lily-field.tumblr.com/post/650893410239119360 ,,1,,,,,,1,,
41526,https://rose-lily-field.tumblr.com/post/670804834508849152 ,,,,,1,,,1,,
152443,https://rose-lily-field.tumblr.com/post/698459477596356608 ,,1,,1,,,,1,,
148119,https://rose-lily-field.tumblr.com/post/652055447607590912/sometimes-i-wish-i-could-live-on-a-lone-island ,,,,,,,,1,,
23012,https://rose-lily-field.tumblr.com/post/660193309301653504 ,,,,,1,,,1,,
28803,https://rose-lily-field.tumblr.com/post/663670234950008832 ,,,,,1,,,1,,
48956,https://rose-lily-field.tumblr.com/post/670277108018364416 ,,,,,1,,,1,,
28692,https://rose-lily-field.tumblr.com/post/651972750905344000/hiding-in-the-sun ,,,,,,,,1,,
99390,https://rose-lily-field.tumblr.com/post/696513501463724032 ,,,,,,,,1,,
82261,https://rose-lily-field.tumblr.com/post/652071218943492096 ,,,,,,,,1,,
33249,https://rose-lily-field.tumblr.com/post/659161384862515200 ,,1,,,,,,1,,
73026,https://rose-lily-field.tumblr.com/post/697147668675411968/japanese-thimbleweed ,,,,,,,,1,,
95320,https://rose-lily-field.tumblr.com/post/657341665155203072 ,,1,,,,,,1,,
167657,https://rose-lily-field.tumblr.com/post/649865267053248514 ,,,,,1,,,1,,
30562,https://rose-lily-field.tumblr.com/post/696466331404468224 ,,,,,1,,,1,,
110697,https://rose-lily-field.tumblr.com/post/657069847177576448 ,,,,,,,,1,,
110810,https://rose-lily-field.tumblr.com/post/651247999554600960 ,1,1,,,,1,,1,,
7847,https://rose-lily-field.tumblr.com/post/653934325963898880 ,1,1,,,,,,1,,
33531,https://rose-lily-field.tumblr.com/post/651543460965466112 ,,,,,1,,,1,,
22504,https://rose-lily-field.tumblr.com/post/653792491738415104 ,,,,,,,,1,,
177049,https://rose-lily-field.tumblr.com/post/653083586002616320 ,,,,,,,,1,,
149261,https://rose-lily-field.tumblr.com/post/675094478004109312/most-adorable-little-dress  ,,1,,,,,,1,,
170175,https://rose-lily-field.tumblr.com/post/666613722856472576 ,,1,,,,,,1,,
8927,https://rose-lily-field.tumblr.com/post/657944235258101760 ,,,,,,,,1,,
97364,https://rose-lily-field.tumblr.com/post/649065775681912832 ,,,,,,,,1,,
118259,https://rose-lily-field.tumblr.com/post/658216010958176256 ,,,,,1,,,1,,
182215,https://rose-lily-field.tumblr.com/post/695650956709330944 ,,,,,,,,1,,
9588,https://rose-lily-field.tumblr.com/post/695741558715203584 ,,,,,,,,1,,
92915,https://rose-lily-field.tumblr.com/post/653709830195920897 ,,,,,,,,1,,
43942,https://rose-lily-field.tumblr.com/post/663112172911624192 ,,,,,1,,,1,,
8415,https://rose-lily-field.tumblr.com/post/696480785836998656 ,,,,,,,,1,,
168332,https://rose-lily-field.tumblr.com/post/650645386239868928 ,,,,,1,,,1,,
24299,https://rose-lily-field.tumblr.com/post/660035794620334080 ,,,,,,,,1,,
152141,https://rose-lily-field.tumblr.com/post/649814168281792513 ,,,,,,,,1,,
175661,https://rose-lily-field.tumblr.com/post/642006855001980928/i-love-vintage-artwork-in-this-style-these ,,,,,,,,1,,
77147,https://rose-lily-field.tumblr.com/post/653776781145440256 ,,,,,,,,1,,
64483,https://rose-lily-field.tumblr.com/post/655230274595078144 ,,,,,1,,,1,,
98931,https://rose-lily-field.tumblr.com/post/652547928964071424 ,,,,,,,,1,,
91500,https://rose-lily-field.tumblr.com/post/649195716937400320 ,,,,,,,,1,,
183582,https://rose-lily-field.tumblr.com/post/652886540124635137  ,,,,,,,,1,,
169115,https://rose-lily-field.tumblr.com/post/660248558306492416  ,,1,,,,,,1,,
201946,https://rose-lily-field.tumblr.com/post/652031793250336768 ,,,,,,1,,1,,
11231,https://rose-lily-field.tumblr.com/post/648679603859292160 ,,,,,1,,,1,,
140328,https://rose-lily-field.tumblr.com/post/660268121382387713 ,,,,,1,,,1,,
179415,https://rose-lily-field.tumblr.com/post/668079122628673536 ,,1,,,,,,1,,
27584,https://rose-lily-field.tumblr.com/post/649223177448374272 ,1,1,,,,1,,1,,
181925,https://rose-lily-field.tumblr.com/post/648726997632270336 ,1,1,,,1,,,1,1,
64536,https://rose-lily-field.tumblr.com/post/662233882774618112 ,,1,,,,,,1,,
109523,https://rose-lily-field.tumblr.com/post/668638565817876480 ,,1,,,,,,1,,
185243,https://rose-lily-field.tumblr.com/post/648671814399180800 ,,,,,,,,1,,
75254,https://rose-lily-field.tumblr.com/post/655876236183289856 ,,,,,,,,1,,
160423,https://rose-lily-field.tumblr.com/post/649830036274298880/the-sky-is-the-worlds-canvas-it-is-painted-a ,,,,,,,,1,,
78761,https://rose-lily-field.tumblr.com/post/669150433402634240/life-goals-3 ,1,1,,,,1,,1,,
10041,https://rose-lily-field.tumblr.com/post/654178577255890944 ,,,,,,,,1,,
175841,https://rose-lily-field.tumblr.com/post/660331360922255360 ,,,,,1,,,1,,
126049,https://rose-lily-field.tumblr.com/post/648364630481190912 ,,,,,,,,1,,
24464,https://rose-lily-field.tumblr.com/post/663173828427546624 ,,1,,,,,,1,,
11553,https://rose-lily-field.tumblr.com/post/667318902241492992    ,, ,,,,,,1,,
60066,https://rose-lily-field.tumblr.com/post/649577737046179840 ,,,,,1,,,1,,
99164,https://rose-lily-field.tumblr.com/post/652342944365510656 ,,,,,,,,1,,
6302,https://rose-lily-field.tumblr.com/post/668153863367442432 ,,,,,1,,,1,,
47119,https://rose-lily-field.tumblr.com/post/695998860358746113 ,,,,,,,,1,,
48203,https://rose-lily-field.tumblr.com/post/668969277109452800 ,,,,,1,,,1,,
115560,https://rose-lily-field.tumblr.com/post/661930508498976769 ,,,,,,,,1,,
92597,https://rose-lily-field.tumblr.com/post/677788727138025472  ,,1,,,,,,1,,
42484,https://rose-lily-field.tumblr.com/post/661607544739987457 ,,1,,,,,,1,,
167836,https://rose-lily-field.tumblr.com/post/650854025439412224 ,,,,,,,,1,,
126888,https://rose-lily-field.tumblr.com/post/658661131310825472  ,,,,,1,,,1,,
146205,https://rose-lily-field.tumblr.com/post/650030722904719360 ,,,,,1,,,1,,
143545,https://rose-lily-field.tumblr.com/post/662811449854476288 ,,1,,,,,,1,,
110836,https://rose-lily-field.tumblr.com/post/655167340281020416 ,,,,,1,,,1,,
96766,https://rose-lily-field.tumblr.com/post/653315877450694656 ,,,,,,,,1,,
196925,https://rose-lily-field.tumblr.com/post/650456285347741696 ,,,,,1,,,1,,
150336,https://rose-lily-field.tumblr.com/post/653504994891399169 ,,,,,1,,,1,,
66358,https://rose-lily-field.tumblr.com/post/650680635163312128 ,,,,,1,,,1,,
23666,https://rose-lily-field.tumblr.com/post/652630613350809600 ,,,,,,,,1,,
64869,https://rose-lily-field.tumblr.com/post/661107194506379264 ,,1,,,,,,1,,
152298,https://rose-lily-field.tumblr.com/post/656345092751310848 ,,,,,1,,,1,,
202239,https://rose-lily-field.tumblr.com/post/678883819301093376/i-hope-to-reach-this-length-one-day ,,,,,1,,,1,,
200077,https://rose-lily-field.tumblr.com/post/652087027113885696 ,,,,,,,,1,,
77154,https://rose-lily-field.tumblr.com/post/653768841482108928  ,,,,,,,,1,,
121308,https://rose-lily-field.tumblr.com/post/662422873570443264 ,,,,,1,,,1,,
201956,https://rose-lily-field.tumblr.com/post/652023875129016321 ,,1,,,,,,1,,
113319,https://rose-lily-field.tumblr.com/post/658791224577261568 ,,,,,,,,1,,
186033,https://rose-lily-field.tumblr.com/post/652575253439086592 ,,,,,,,,1,,
167571,https://rose-lily-field.tumblr.com/post/655349775107080192 ,,,,,1,,,1,,
170398,https://rose-lily-field.tumblr.com/post/696361236223361024 ,,,,,1,,,1,,
55024,https://rose-lily-field.tumblr.com/post/657112996403937282 , ,,,,,,,1,,
203142,https://rose-lily-field.tumblr.com/post/677713858477080576 ,,1,,,,,,1,,
42023,https://rose-lily-field.tumblr.com/post/650373478199050240 ,,1,,,,,,1,,
64234,https://rose-lily-field.tumblr.com/post/653875300366778368 ,,,,,,,,1,,
136280,https://rose-lily-field.tumblr.com/post/654418784449347584 ,,,,,,,,1,,
60182,https://rose-lily-field.tumblr.com/post/661591798647586816 ,,1,,,,,,1,,
177742,https://rose-lily-field.tumblr.com/post/696332293711790080 ,,,,,1,,,1,,
201939,https://rose-lily-field.tumblr.com/post/652039567240757248 ,,,,,,,,1,,
85037,https://rose-lily-field.tumblr.com/post/650349823270256640/tea-party-date-in-the-garden-with-cute-pink ,,,,,,,,1,,
69476,https://rose-lily-field.tumblr.com/post/668063271352516608 ,,,,,,1,,1,,
11570,https://rose-lily-field.tumblr.com/post/651882161048305665 ,,,,,,,,1,,
169084,https://rose-lily-field.tumblr.com/post/660666038524968960 ,,1,,,,,,1,,
160927,https://rose-lily-field.tumblr.com/post/677895049676193792 ,,1,,,,,,1,,
130271,https://rose-lily-field.tumblr.com/post/658314552417615872 ,,,,,1,,,1,,
155252,https://rose-lily-field.tumblr.com/post/667114019603267584 ,,,,,1,,,1,,
82141,https://rose-lily-field.tumblr.com/post/658586327851401216 ,,,,,,,,1,,
137399,https://rose-lily-field.tumblr.com/post/652228703958564864 ,,,,,,,,1,,
41345,https://rose-lily-field.tumblr.com/post/651090438910017536 ,,,,,1,,,1,,
114749,https://rose-lily-field.tumblr.com/post/649467614825005056 ,,,,,1,,,1,,
13026,https://rose-lily-field.tumblr.com/post/657711840390938624 ,,,,,1,,,1,,
150885,https://rose-lily-field.tumblr.com/post/667378007572348928 ,,1,,,,,,1,,
169221,https://rose-lily-field.tumblr.com/post/659425377064747008 ,,1,,,,,,1,,
167229,https://rose-lily-field.tumblr.com/post/650019600527933441/there-will-be-a-new-baby-in-the-family-soon-later ,,1,,,,,,1,,
194667,https://rose-lily-field.tumblr.com/post/659137730010300416 ,,1,,,,,,1,,
130163,https://rose-lily-field.tumblr.com/post/670533049170132992 ,,,,,1,,,1,,
75321,https://rose-lily-field.tumblr.com/post/661008680650686464 ,,1,,,,,,1,,
44668,https://rose-lily-field.tumblr.com/post/651007656526544896 ,,,,,1,,,1,,
183352,https://rose-lily-field.tumblr.com/post/653225253641781248 ,,1,,,,,,1,,
197407,https://rose-lily-field.tumblr.com/post/651527582632771584 ,,,,,,,,1,,
67603,https://rose-lily-field.tumblr.com/post/651551240918024192 ,,,,,,,,1,,
5244,https://rose-lily-field.tumblr.com/post/653950048546193408/i-really-love-old-houses-no-matter-how-worn-down ,,,,,,,,1,,
19050,https://rose-lily-field.tumblr.com/post/650826472778596352/i-hope-one-day-to-have-a-pantry-filled-like-this ,, ,,,,,,1,,
65513,https://rose-lily-field.tumblr.com/post/648916150607052800 ,,,,,,,,1,,
114166,https://rose-lily-field.tumblr.com/post/658164820454096896 ,,,,,1,,,1,,
92475,https://rose-lily-field.tumblr.com/post/657605498244366336 ,,,,,,,,1,,
170704,https://rose-lily-field.tumblr.com/post/651165188050026496 ,,,,,1,,,1,,
90972,https://rose-lily-field.tumblr.com/post/651661450928144384 ,,,,,,,,1,,
6493,https://rose-lily-field.tumblr.com/post/651082514338906112 ,,,,,,,,1,,
108846,https://rose-lily-field.tumblr.com/post/668713240038195200 ,,,,,1,,,1,,
77641,https://rose-lily-field.tumblr.com/post/651815231964823552/spiky-yet-somewhat-soft ,,,,,,,,1,,
78188,https://rose-lily-field.tumblr.com/post/659484528302227456/a-fathers-love-is-so-important-for-a-child-to ,,1,,1,,,,1,1,
33076,https://rose-lily-field.tumblr.com/post/650168635957067776 ,,,,,1,,,1,,
53704,https://rose-lily-field.tumblr.com/post/649648706128347136 ,,,,,1,,,1,,
78194,https://rose-lily-field.tumblr.com/post/659476466311004160 ,,,,,1,,,1,,
31168,https://rose-lily-field.tumblr.com/post/649857455861399553 ,,,,,1,,,1,,
126390,https://rose-lily-field.tumblr.com/post/659657642349920256 ,,,,,1,,,1,,
159637,https://rose-lily-field.tumblr.com/post/651362247144325120/a-whole-world-in-a-pendant ,,,,,1,,,1,,
198742,https://rose-lily-field.tumblr.com/post/649081598844796928/swinging-in-a-field-as-the-warm-summer-breeze ,,,,,,,,1,,
153014,https://rose-lily-field.tumblr.com/post/656238628776869888 ,,,,,1,,,1,,
44306,https://rose-lily-field.tumblr.com/post/676378686443880448 ,,1,,,,,,1,,
118874,https://rose-lily-field.tumblr.com/post/657251067777761281 ,,,,,,,,1,,
48958,https://rose-lily-field.tumblr.com/post/670269179949137920 ,,,,,,1,,1,,
35393,https://rose-lily-field.tumblr.com/post/679033432362369024 ,,1,,,,,,1,,
37865,https://rose-lily-field.tumblr.com/post/720264372390346752 ,,,,,,,,1,,
138822,https://rose-lily-field.tumblr.com/post/654395117739835392 ,,,,,,,,1,,
149860,https://rose-lily-field.tumblr.com/post/654895543560110080 ,,,,,,,,1,,
204477,https://rose-lily-field.tumblr.com/post/694639906737258496 ,,,,,,,,1,,
112474,https://rose-lily-field.tumblr.com/post/667913656027234304 ,,,,,,,,1,,
204554,https://rose-lily-field.tumblr.com/post/670218014532190208 ,,1,,,,,,1,,
89796,https://rose-lily-field.tumblr.com/post/652855085858209792 ,,,,,,,,1,,
197899,https://rose-lily-field.tumblr.com/post/658909223289225216 ,,,,1,,1,,1,,
203800,https://rose-lily-field.tumblr.com/post/651716696721211392/theres-a-squirrel-forest-near-me-where-they ,,,,,,,,1,,
165814,https://rose-lily-field.tumblr.com/post/664549916284190720 ,,,,,1,1,,1,,
18886,https://rose-lily-field.tumblr.com/post/668118512239296512 ,,,,,,,,1,,
93420,https://rose-lily-field.tumblr.com/post/670481964747423744 ,,,,,1,,,1,,
81769,https://rose-lily-field.tumblr.com/post/651897896950775808/calendula ,,,,,,,,1,,
55703,https://rose-lily-field.tumblr.com/post/649896837146427392 ,,1,,,,,,1,,
101043,https://rose-lily-field.tumblr.com/post/665471722572709888 ,,1,,,,,,1,,
66866,https://rose-lily-field.tumblr.com/post/694034656178372608 ,,,,,,,,1,,
36866,https://rose-lily-field.tumblr.com/post/649601376938262528 ,,1,,,,,,1,,
136935,https://rose-lily-field.tumblr.com/post/653044082338414592/the-alps ,,,,,,,,1,,
67266,https://rose-lily-field.tumblr.com/post/655580803257008128 ,,1,,,,,,1,,
16924,https://rose-lily-field.tumblr.com/post/641153219358228480/when-walking-down-the-street-everyone-seems-to ,,,,,,,1,,,
102988,https://rose-lily-field.tumblr.com/post/653859449894846464 ,,,,,,,,1,,
164074,https://rose-lily-field.tumblr.com/post/657203611730853888 ,,,,,,1,,1,,
176386,https://rose-lily-field.tumblr.com/post/684051878711050240 ,,,,,,,,1,,
111396,https://rose-lily-field.tumblr.com/post/651050946057633793 ,,,,,1,,,1,,
143726,https://rose-lily-field.tumblr.com/post/660488890836287488 ,,1,,,,,,1,,
67403,https://rose-lily-field.tumblr.com/post/652819600621322240 ,,,,,,,,1,,
23326,https://rose-lily-field.tumblr.com/post/662194383028895744 ,,,,,,,,1,,
188069,https://rose-lily-field.tumblr.com/post/641301823066619904/i-have-a-locket-like-this-one-it-has-photos-of ,,,,,,,,1,,
97222,https://rose-lily-field.tumblr.com/post/648452058972897280 ,,,,,,,,1,,
47994,https://rose-lily-field.tumblr.com/post/653134674394218496 ,,,,,1,,,1,,
102274,https://rose-lily-field.tumblr.com/post/661780930674016256 ,,1,,,,,,1,,
127680,https://rose-lily-field.tumblr.com/post/655084529086840832 ,,,,,,,,1,,
82967,https://rose-lily-field.tumblr.com/post/654600080103522304 ,,,,,,,,1,,
196700,https://rose-lily-field.tumblr.com/post/652985078221291520/me-and-my-fiance-have-been-thinking-of-adopting ,,,,,,,,1,,
49437,https://rose-lily-field.tumblr.com/post/649313884593864704 ,,,,,1,,,1,,
150800,https://rose-lily-field.tumblr.com/post/659854608926162944 ,,,,,1,,,1,,
121226,https://rose-lily-field.tumblr.com/post/654288780382142464 ,,,,,,,,1,,
178421,https://rose-lily-field.tumblr.com/post/665948343272423424 ,,1,,,,,,1,,
24054,https://rose-lily-field.tumblr.com/post/694487643503853568 ,,,,,,,,1,,
61772,https://rose-lily-field.tumblr.com/post/659212575313117184 ,,,,1,1,,,1,,
162123,https://rose-lily-field.tumblr.com/post/666932823053172736 ,,,,1,1,,,1,,
85069,https://rose-lily-field.tumblr.com/post/657770960893689856 ,,,,,1,,,1,,
164642,https://rose-lily-field.tumblr.com/post/648923942603620352 ,,1,,,,,,1,,
190862,https://rose-lily-field.tumblr.com/post/648452058972897280 ,,,,,,,,1,,
94333,https://rose-lily-field.tumblr.com/post/655884172540428288 ,,,,,1,,,1,,
101193,https://rose-lily-field.tumblr.com/post/654879677344874497 ,,,,,,,,1,,
161254,https://rose-lily-field.tumblr.com/post/664597258620239872 ,,,,1,,1,,1,,
135534,https://rose-lily-field.tumblr.com/post/697963049523576832 ,,1,,1,,,,1,,
73815,https://rose-lily-field.tumblr.com/post/651535493265342465 ,1,1,,,1,,,1,,
76597,https://rose-lily-field.tumblr.com/post/677146750970101760  ,,1,,,,,,1,,
65099,https://rose-lily-field.tumblr.com/post/641133942869786624/skipping-through-the-meadow-flowers-in-hand ,,,,,1,,,,,
162136,https://rose-lily-field.tumblr.com/post/666917093753733120 ,,,,,,,,1,,
121769,https://rose-lily-field.tumblr.com/post/653292225135017985 ,,,,,,,,1,,
41974,https://rose-lily-field.tumblr.com/post/660555695426584576 ,,,,,,,,1,,
132043,https://rose-lily-field.tumblr.com/post/651760024446763009/nature-is-our-playground ,1,1,,,,,,1,,
55624,https://rose-lily-field.tumblr.com/post/651413333906538496  ,,,,,1,,,1,,
174374,https://rose-lily-field.tumblr.com/post/659188844149833728  ,,,,,,1,,1,,
15184,https://rose-lily-field.tumblr.com/post/648644343828299776 ,,,,,,,,1,,
144983,https://rose-lily-field.tumblr.com/post/655127810001797120 ,,,,,,,,1,,
92493,https://rose-lily-field.tumblr.com/post/653363185314889728 ,,,,,,,,1,,
143066,https://rose-lily-field.tumblr.com/post/668268113413980160 ,,,,,,,,1,,
203510,https://rose-lily-field.tumblr.com/post/668670026929307648 ,,,,,1,,,1,,
196669,https://rose-lily-field.tumblr.com/post/654986032270508032 ,1,1,,,1,,,1,,
118243,https://rose-lily-field.tumblr.com/post/658231782727155712 ,,,,,,,,1,,
95247,https://rose-lily-field.tumblr.com/post/655530974529175552 ,,,,,,,,1,,
89266,https://rose-lily-field.tumblr.com/post/676823752068169728 , ,1,,,,,,1,,
64883,https://rose-lily-field.tumblr.com/post/661091391928238080 ,1,1,,,,,,1,,
1938,https://rose-lily-field.tumblr.com/post/648553783171940352 ,,,,,,,,1,,
131261,https://rose-lily-field.tumblr.com/post/652425633448722432 ,,,,,1,,,1,,
183117,https://rose-lily-field.tumblr.com/post/695031219905331200 ,,1,,,,,,1,,
98080,https://rose-lily-field.tumblr.com/post/652697535572541440 ,,,,,,,,1,,
187579,https://rose-lily-field.tumblr.com/post/667543340820086784 ,,,,,1,,,1,,
57250,https://rose-lily-field.tumblr.com/post/656569445922357248/i-cant-wait-to-have-so-many-wonderful-precious ,,1,,,,,,1,,
191079,https://rose-lily-field.tumblr.com/post/660094916446339072 ,,1,,,,,,1,,
44299,https://rose-lily-field.tumblr.com/post/655809295211003904 ,,,,,1,,,1,,
32920,https://rose-lily-field.tumblr.com/post/652268222833377280 ,,,,,1,,,1,,
178430,https://rose-lily-field.tumblr.com/post/665940413911285760 ,,1,,,,,,1,,
198489,https://rose-lily-field.tumblr.com/post/656404092616376320 ,,,,,,,,1,,
204520,https://rose-lily-field.tumblr.com/post/666172700487794688 ,,,,,,,,1,,
82243,https://rose-lily-field.tumblr.com/post/652079091062833152 ,1,1,,,,,,1,,
121004,https://rose-lily-field.tumblr.com/post/657983636437663744 ,,,,,1,,,1,,
55032,https://rose-lily-field.tumblr.com/post/657105209156304896  ,,,,,,,,1,,
10347,https://rose-lily-field.tumblr.com/post/656734902319988736 ,,,,,,,,1,,
169957,https://rose-lily-field.tumblr.com/post/660520348496822272 ,,1,,,,,,1,,
97908,https://rose-lily-field.tumblr.com/post/654410947456352256 ,,1,,,,,,1,,
25443,https://rose-lily-field.tumblr.com/post/656979243421532160 ,,,,,,,,1,,
63094,https://rose-lily-field.tumblr.com/post/649912692057014272 ,,1,,,,,,1,,
45118,https://rose-lily-field.tumblr.com/post/684256860057010176 ,,,,,,,,1,,
69474,https://rose-lily-field.tumblr.com/post/668071195761082368 ,  ,,,,1,,,1,,
64088,https://rose-lily-field.tumblr.com/post/665349521970216960  ,,,,,1,,,1,,
102926,https://rose-lily-field.tumblr.com/post/656155958706372609  ,  ,,,,,,,1,,
26548,https://rose-lily-field.tumblr.com/post/648581167747039232 ,,,,,,,,1,,
128375,https://rose-lily-field.tumblr.com/post/669611340799836160 ,,1,,,,,,1,,
137560,https://rose-lily-field.tumblr.com/post/678671040811008000 ,,1,,,,,,1,,
13098,https://rose-lily-field.tumblr.com/post/664309670061670400 ,,,,,1,1,,1,,
75413,https://rose-lily-field.tumblr.com/post/658735939403857920 ,,,,,,,,1,,
135473,https://rose-lily-field.tumblr.com/post/651224205972717569 ,,,,,1,,,1,,
104133,https://rose-lily-field.tumblr.com/post/650735872854179840 ,,,,,,,,1,,
166071,https://rose-lily-field.tumblr.com/post/649758930030985216 ,,,,1,1,,,1,,
15766,https://rose-lily-field.tumblr.com/post/649361200908582912 ,,,,,,,,1,,
187213,https://rose-lily-field.tumblr.com/post/650259233423736832 ,,,,,,,,1,,
13620,https://rose-lily-field.tumblr.com/post/675137761665220608 ,,1,,,,,,1,,
96967,https://rose-lily-field.tumblr.com/post/659976774900383744 ,,1,,1,,,,1,,
160842,https://rose-lily-field.tumblr.com/post/653662548246298624 ,,,,1,,1,,1,,
110339,https://rose-lily-field.tumblr.com/post/654525199643983872 ,,,,,,,,1,,
34041,https://rose-lily-field.tumblr.com/post/667854653651845120 , ,,,,,,,1,,
44203,https://rose-lily-field.tumblr.com/post/697691262616272896 ,,1,,,,,,1,,
155156,https://rose-lily-field.tumblr.com/post/660876173773012992 ,,1,,,,,,1,,
82566,https://rose-lily-field.tumblr.com/post/654343994712752128 ,,,,,,,,1,,
165458,https://rose-lily-field.tumblr.com/post/669312129888878592 ,,,,1,,1,,1,,
46381,https://rose-lily-field.tumblr.com/post/658026927580430336 ,,,,,,,,1,,
79957,https://rose-lily-field.tumblr.com/post/649006742640951296/nightgowns-are-good-for-any-weather ,,,,,1,,,1,,
75406,https://rose-lily-field.tumblr.com/post/658743764689485824 ,,,,,,,,1,,
91623,https://rose-lily-field.tumblr.com/post/654659087370485760 ,,,,,,1,,1,,
101703,https://rose-lily-field.tumblr.com/post/668425662810537984 ,,1,,,,,,1,,
47555,https://rose-lily-field.tumblr.com/post/648998781960044544 ,,,,,1,,,1,,
149758,https://rose-lily-field.tumblr.com/post/654930782495932416 ,,,,,,,,1,,
27210,https://rose-lily-field.tumblr.com/post/648778076812099584 ,,,,,1,,,1,,
12105,https://rose-lily-field.tumblr.com/post/697386753295794176 ,,1,,1,,,,1,,
80945,https://rose-lily-field.tumblr.com/post/669575993036603392 ,,,,,1,,,1,,
6614,https://rose-lily-field.tumblr.com/post/689852742645252096 ,,,,,,,,1,,
49745,https://rose-lily-field.tumblr.com/post/697176624454680576 ,,,,,,,,1,,
9312,https://rose-lily-field.tumblr.com/post/662359845050171392 ,,1,,,,,,1,,
84964,https://rose-lily-field.tumblr.com/post/648636416114491392 ,,,,,1,,,1,,
25455,https://rose-lily-field.tumblr.com/post/656971331171172352 ,,,,,,1,,1,,
34053,https://rose-lily-field.tumblr.com/post/667846728008056832 ,,,,,,,,1,,
151618,https://rose-lily-field.tumblr.com/post/665775078207881216 ,,1,,,,,,1,,
46221,https://rose-lily-field.tumblr.com/post/696785288012365824 ,,,,,,,,1,,
69957,https://rose-lily-field.tumblr.com/post/652658034866307072 ,,,,,,,,1,,
139920,https://rose-lily-field.tumblr.com/post/653150415849979904 ,,,,,,,,1,,
187973,https://rose-lily-field.tumblr.com/post/652748614096044032 ,,,,,,,,1,,
62547,https://rose-lily-field.tumblr.com/post/665266745051873280 ,,1,,,,,,1,,
198551,https://rose-lily-field.tumblr.com/post/653075654448955392/crooked-houses-are-a-little-scary-but-its-really ,,,,,,,,1,,
175013,https://rose-lily-field.tumblr.com/post/695879315143917568 ,,1,,,,,,1,,
152697,https://rose-lily-field.tumblr.com/post/658917161708945408 ,,1,,,,,,1,,
22704,https://rose-lily-field.tumblr.com/post/650554700188565504 ,,,,,1,,,1,,
112481,https://rose-lily-field.tumblr.com/post/667905731655352320 ,,,,,,,,1,,
33035,https://rose-lily-field.tumblr.com/post/648817599542706176 ,,,,,1,,,1,,
123316,https://rose-lily-field.tumblr.com/post/650597951531630592 ,,,,,1,,,1,,
198106,https://rose-lily-field.tumblr.com/post/661552248956076032 ,1,1,,,,,,1,,
44728,https://rose-lily-field.tumblr.com/post/650464201262940161 ,,,,,,,,1,,
104976,https://rose-lily-field.tumblr.com/post/664270215163625472 ,,,,,1,,,1,,
160295,https://rose-lily-field.tumblr.com/post/696919295098322944 ,,,,,1,,,1,,
173737,https://rose-lily-field.tumblr.com/post/650267155171065856 ,,,,1,1,,,1,,
41399,https://rose-lily-field.tumblr.com/post/660818300401549312 ,,,,,,,,1,,
111392,https://rose-lily-field.tumblr.com/post/651058856932392960 ,,,,,1,,,1,,
92287,https://rose-lily-field.tumblr.com/post/657325793944403968 ,,,,,  ,,,1,,
28437,https://rose-lily-field.tumblr.com/post/656305587821428736 ,,,,,,,,1,,
183341,https://rose-lily-field.tumblr.com/post/653241011079888896 ,,,,,,,,1,,
177431,https://rose-lily-field.tumblr.com/post/660067368238727168 ,,,,,,,,1,,
192516,https://rose-lily-field.tumblr.com/post/654698478272954368 ,,,,,1,,,1,,
110819,https://rose-lily-field.tumblr.com/post/651240072035942400 ,,1,,,,,,1,,
108033,https://rose-lily-field.tumblr.com/post/648900254962466816 ,,,,,1,,,1,,
79183,https://rose-lily-field.tumblr.com/post/653564016307961856 ,,,,,,,,1,,
197413,https://rose-lily-field.tumblr.com/post/651519676257632256 ,,,,,,,,1,,
83751,https://rose-lily-field.tumblr.com/post/652764358372360192 , ,,,,,,,1,,
113634,https://rose-lily-field.tumblr.com/post/648809687362437120 ,,,,,,,,1,,
151362,https://rose-lily-field.tumblr.com/post/668524200959574016 ,1,1,,,,1,,1,1,
120374,https://rose-lily-field.tumblr.com/post/649148401396629504 ,,,,,,,,1,,
91634,https://rose-lily-field.tumblr.com/post/654651155143688193 ,,,,,1,,,1,,
152612,https://rose-lily-field.tumblr.com/post/649558212613455872 ,1,1,,,,1,,1,,
76156,https://rose-lily-field.tumblr.com/post/658456236447137792 ,,,,,,,,1,,
147471,https://rose-lily-field.tumblr.com/post/658889624344821761 ,,1,,1,,1,,1,1,
17767,https://rose-lily-field.tumblr.com/post/652004290777464832 ,,,,,,,,1,,
24208,https://rose-lily-field.tumblr.com/post/684276363077812224 ,,,,,,,,1,,
70335,https://rose-lily-field.tumblr.com/post/663036047115124736 ,,,,,,1,,1,,
72519,https://sheismadeofsunlight.tumblr.com/post/613468377472794624/hello-just-wanted-to-say-you-have-a-very-beautiful ,,,,,,,1,,,
107052,https://starnouveau.tumblr.com/post/626592065280720896/another-older-drawing-from-late-2019early-2020 ,,,,1,,,,,,
37169,https://stay-at-home-soul.tumblr.com/post/622114848379224064/calling-all-homemaker-creators-and-small-business ,,,,,,,1,,,
202586,https://staycoolbutstillcare.tumblr.com/post/726107567168815104/trying-my-hand-at-canning-diced-tomatoes-and ,,,,,,,,,,
82624,https://staycoolbutstillcare.tumblr.com/post/674110795410554881 ,,1,,,,,,,,
14573,https://staycoolbutstillcare.tumblr.com/post/676992214822535168/i-cant-wait-to-be-gardening-in-our-backyard-with ,,,,,,,,,,
4299,https://staycoolbutstillcare.tumblr.com/post/729020574586798080/dinner-tonight ,,,,,,,,,,
178999,https://staycoolbutstillcare.tumblr.com/post/733445279894896640/welcome-to-laurens-caf%C3%A9-where-we-over-cream-your ,,,,,,,,,,
41122,https://staycoolbutstillcare.tumblr.com/post/614608787930824704/spring-time-calls-for-boots-and-mason-jars ,,,,,,,,,,
60737,https://sugarplumpauperess.tumblr.com/post/693214080517980160/response-to-anon-introduction ,,,,,,,,,,
139867,https://www.tumblr.com/blog/view/sweetbeehoneytea/618287965891936256 ,,,1,,,,,1,,
28322,https://www.tumblr.com/blog/view/sweetbeehoneytea/622770286398455808 ,,,,,,,,1,,
123809,https://thesleepyspoonie.tumblr.com/post/189312475886/about-half-way-done-daisies-in-a-jar ,,,,,,,,,,
54235,https://trad-for-christ.tumblr.com/post/189901981903/christmas-gift ,,,,,,,,1,,
144397,https://veiligplekje.tumblr.com/post/611964600032870400 ,,,,,,,,,,
134195,https://veiligplekje.tumblr.com/post/611846015992184832 ,,,,,,,,,,
13712,https://www.tumblr.com/blog/view/winonawhitley/694141001670983680 ,,,,,1,,,,,
